Study Area,Drift Threshold (pct. of mean depth),drift_area,drift_volume,mean_drift_depth,mean_not_drift_depth,not_drift_area,not_drift_volume,Drift Threshold (pct. of mean depth).1,Drift Area pct.,Not Drift Area pct.,Drift Volume pct.,Not Drift Volume pct.,Drift Volume-Area Difference (pct.),Drift Volume-Area Difference Slope,Inflection Threshold,Mean_Depth [m],SD Depth [m],CV
CLPX,140.0,22580638.692307692,17376620.474358976,0.9131830304096906,0.3823678684540284,66172473.807692304,26871203.307692308,140.0,25.422148642178488,74.57785135782153,39.35222088354715,60.647726983908065,13.930072241368654,-0.9853114447001536,138.33333333333334,0.49502179000000013,0.28009759666666595,0.5664921633333324
Happy Valley,140.0,5627891.948717949,4771526.461538462,1.0430880272999787,0.4447688464170847,19400416.884615384,9060594.346153846,140.0,22.48606370721619,77.51393629278384,35.2423006302123,64.75774277023869,12.756236922996095,-0.5728819399364202,130.0,0.5478931899999998,0.2816384083333336,0.5269832549999999
